Limma-Voom t-agg across GTEx Age samples 20-29 v 60-69	t	LogFC	Pval	AdjPval
PTCHD4	6.728317955249445	1.73663427414924	3.8650074524615527e-07	0.008690082756114555
LOC102724710	-5.899130840431052	-1.3309202643770313	3.1946605251274818e-06	0.01866712039811322
CHL1-AS1	5.837231270915816	0.9496546581980728	3.750085505858702e-06	0.01866712039811322
LINC02349	5.759086966843242	1.7319824261359726	4.5932493659053196e-06	0.01866712039811322
EDA2R	5.757683272919882	1.1786613333290403	4.61003342498177e-06	0.01866712039811322
LINC02539	5.727877468355349	2.0121063577377205	4.981441130967768e-06	0.01866712039811322
CDKN2A	4.971660600873257	1.0475771501349	3.62139217381058e-05	0.10667571127303223
KCNG4	4.927195188913717	1.2599599221647204	4.0723244832875154e-05	0.10667571127303223
PURPL	4.896469237720141	2.2584912916902473	4.416410942831461e-05	0.10667571127303223
GHET1	-4.869327597003069	-0.8501809506331179	4.7445166017182095e-05	0.10667571127303223
STRA8	-4.556688617277778	-0.4618859085180242	0.00010832446461067223	0.21177035547661763
SFTPA1	-4.540592971120664	-2.9311131446289806	0.00011302456260982972	0.21177035547661763
LINC00911	-4.492454856383926	-1.4184772272251798	0.0001283289595253503	0.22194987122830584
RN7SL566P	4.370353705092563	0.5731551258891375	0.00017704035713397143	0.2843268135571581
SCGB3A2	4.293456911724191	1.0839934411352972	0.00021674209751135134	0.32488195469634823
PCA3	4.237817628134553	2.240607000429555	0.0002508642265147517	0.3525269543098548
OTUD6A	-4.198751945952225	-0.6950362474761858	0.00027795347202037667	0.36761799205330287
PCAT4	-4.155668540392685	-1.8630732357327875	0.00031119637674699164	0.3795324166587599
MTHFD2P1	4.144161465116551	1.2675602359544724	0.00032072210978991453	0.3795324166587599
ZMAT3	4.102551682473968	0.39990002658527063	0.0003576368976159126	0.40205540029980896
RIT2	-3.998786708519901	-0.9245109617826146	0.0004689865419391	0.44693470359361825
GML	-3.97964181345082	-0.6840387412156844	0.0004929846435361485	0.44693470359361825
CLP1	-3.9641934753103816	-0.500139854076314	0.0005132280768679094	0.44693470359361825
LINC02398	3.961953025226997	0.9109564593662912	0.0005162311647814657	0.44693470359361825
ABCB5	3.9506094981902025	1.2484513717056749	0.0005317037042776243	0.44693470359361825
FGF6	3.9323790158094702	1.4769258789052315	0.0005575320695971148	0.44693470359361825
FGF5	3.931533406460389	1.4240674098596904	0.0005587596223703639	0.44693470359361825
HNRNPMP1	3.9098885418046017	0.6985221093128886	0.0005911025981718197	0.44693470359361825
AGTR2	-3.9037308490030447	-2.8289628126749804	0.0006006356937680892	0.44693470359361825
FASTKD5	-3.898483345933979	-0.3567838512212004	0.000608878922440174	0.44693470359361825
LINC01479	3.893871824473919	1.0851305537852631	0.0006162148999912012	0.44693470359361825
LOC101927023	3.869651989685901	1.1586419636456022	0.0006561941901852531	0.46105844287891345
LINC01114	3.822565494980026	0.5012504250107581	0.0007413496538985517	0.49399959821578526
ZNF518B	-3.819621918262758	-0.3804726894508547	0.000747019495611844	0.49399959821578526
HPS6	-3.7982972825553247	-0.46202707393188747	0.0007893850202355435	0.4992716839479126
CA5A	3.7831783409602258	0.7833789592310985	0.0008208410570289103	0.4992716839479126
EYA4	3.782816481483069	0.9023321903248281	0.0008216088020847166	0.4992716839479126
H3P14	-3.763570370565528	-0.983414511406391	0.0008634733269451013	0.5109035337640436
SPATA18	3.73317862713146	0.7657259181520183	0.0009338752860885609	0.5383910751901334
PHACTR3-AS1	3.7115533960421336	0.8238453031560419	0.000987362727933228	0.5434437260001396
GDF3	-3.710132637686309	-1.228656869916404	0.0009909799308844389	0.5434437260001396
PYHIN1	3.687103556881138	0.9699212338680465	0.0010514522191844167	0.5628774213367245
CACNA2D3-AS1	3.673224071187041	0.6184755541269678	0.0010896264599305444	0.5697479377925201
LMO3	3.65141526056006	1.063085310474589	0.0011523626550932042	0.5788338097979769
MAD2L1BP	-3.6493473184452085	-0.3241282231350572	0.0011584914357280272	0.5788338097979769
TUFMP1	3.6325482826217033	2.534016802130184	0.001209473122761486	0.591169428090636
TUBB2BP1	-3.623075048478823	-0.7261990712454808	0.0012391819074647076	0.5928035320731168
SMG8	-3.60669354725139	-0.4295552731036918	0.0012922451919598391	0.6053091853338547
TEX13C	-3.5967477347889174	-0.5158057060819599	0.0013255369016500701	0.6082320754428607
MYF5	3.54302406219711	0.6058086001178398	0.001520345774840513	0.6767265182035597
GTF3C4	-3.527792439065217	-0.3006089729526782	0.001580475857213589	0.6767265182035597
TFIP11	-3.5242873312342704	-0.2786072175072193	0.0015946372747892355	0.6767265182035597
GAPDHP15	3.5241483631153567	0.7746757231428061	0.0015952012748972008	0.6767265182035597
C18orf63	-3.506768985888088	-0.425801979333694	0.0016672867161785154	0.6845731719111007
KTI12	-3.50504873313764	-0.382341175278463	0.0016745919078060192	0.6845731719111007
DDX28	-3.490483541004872	-0.4406345507037358	0.001737704524197771	0.6867378270931354
CLEC4C	-3.4830414453617315	-0.7618500044206116	0.001770838663660095	0.6867378270931354
SLC6A12-AS1	3.480814400262848	0.620917446009801	0.0017808728706587241	0.6867378270931354
RAPGEF4-AS1	-3.470491074337801	-0.7524338141264655	0.001828112078720799	0.6867378270931354
LINC01714	3.4642061213008537	1.6986677299593955	0.0018574656917774194	0.6867378270931354
LINC00161	-3.4630007415500272	-1.5659200607358517	0.0018631474583117441	0.6867378270931354
RNASEH1P1	3.4500150128423037	0.5461719459722841	0.001925438386169957	0.6903764262254897
ACRP1	-3.443253821035181	-0.6283129047794458	0.001958666744602085	0.6903764262254897
ZNF676	3.441950675744227	0.7433321647544292	0.0019651348193573804	0.6903764262254897
PRDM14	-3.4322545346184263	-0.5185263310792472	0.0020139162154587335	0.6966291105903717
TRMT10C	-3.4209346333280166	-0.3624884955198391	0.00207235415199681	0.7059819811135799
FGF7P6	-3.4007558316103847	-0.7118369747115856	0.0021806292828100695	0.7308166756304579
BASP1-AS1	-3.395402527385727	-1.0052358044764245	0.002210262139426754	0.7308166756304579
MOCS3	-3.3682680159226943	-0.36509507090469395	0.002366565622912289	0.7711574125443466
LINC01996	-3.354357881033227	-0.7856417837666141	0.002450789423098259	0.7785411550604815
DNAJC14	-3.3520599953984553	-0.2975281032163607	0.002464979097492245	0.7785411550604815
DDB2	3.3456660000676504	0.3639054968415415	0.0025048822221864155	0.7785411550604815
TEX13D	-3.3420489753606293	-0.4300754234676183	0.0025277310229236414	0.7785411550604815
ELSPBP1	-3.3234781210600324	-0.6754250693261543	0.002648253710062191	0.7873652336348625
RN7SKP70	3.323188121404904	0.5959896677757965	0.0026501791306126473	0.7873652336348625
PSG8-AS1	3.318922568470384	0.855389473884713	0.002678656578895938	0.7873652336348625
MAGEA10	-3.3162786040352783	-0.3966188105386767	0.002696456279571447	0.7873652336348625
POLR2B	-3.3069092513212515	-0.23353395776399413	0.002760457286792131	0.7957195081568497
HCG20	3.295500386615998	0.4736771488101712	0.002840372620343979	0.7986564398891449
CNTNAP5	-3.29526181651378	-0.6216582672514932	0.0028420673410754775	0.7986564398891449
PRR20G	-3.287007071307199	-0.5019688630867958	0.002901311205093496	0.7986564398891449
TATDN2P1	-3.2798008845034983	-0.6287594538433456	0.002954002582784561	0.7986564398891449
MIR34AHG	3.2774147528878412	0.49031705834280565	0.002971652504752688	0.7986564398891449
CT55	-3.275186857334483	-0.4409277731482404	0.0029882237921550316	0.7986564398891449
KBTBD4	-3.2650934610593643	-0.29902661195299984	0.003064422716427484	0.7986564398891449
LOC340512	-3.261067553759415	-0.8230589789018596	0.0030953356969945036	0.7986564398891449
OTOS	3.2597987916188202	0.9600453564538306	0.003105140060528657	0.7986564398891449
ZBTB39	-3.239390596753808	-0.3252088271121799	0.003267018512089185	0.7986564398891449
UTP3	-3.23176034388949	-0.3337879195043666	0.00332960581558202	0.7986564398891449
LOC105373373	-3.215633778083272	-1.7878211723184043	0.003465705411944522	0.7986564398891449
CENPBD1P	-3.2146985820387366	-0.4336500203082943	0.003473760092630702	0.7986564398891449
AAR2	-3.2097275786483936	-0.2391791225735841	0.0035168777699291793	0.7986564398891449
DRD4	3.1988470875669006	0.6475903778640563	0.003613057689347592	0.7986564398891449
HBA2	3.1986330155579425	1.5023560832941554	0.0036149751619176016	0.7986564398891449
RPS10P3	3.197331796090583	0.7838537489136528	0.0036266514360220746	0.7986564398891449
LOC101927310	-3.193081692378988	-0.6131724674193533	0.0036650422607541412	0.7986564398891449
CHRNA9	-3.191586093074965	-0.7477191351560593	0.0036786446022350895	0.7986564398891449
SAP30-DT	3.1895237115881367	0.4685937726772285	0.0036974814158533546	0.7986564398891449
MRAP	-3.188824701824428	-0.9538851352928607	0.0037038868551267173	0.7986564398891449
HTR5A-AS1	-3.1852698308316056	-1.0179826904147815	0.0037366276608192354	0.7986564398891449
SEPHS2	-3.184813137130453	-0.2847713963675639	0.003740853978850593	0.7986564398891449
LINC01287	3.1836722630189604	0.8557557463949509	0.0037514318996638564	0.7986564398891449
HBB	3.18175388660271	1.4950617050117117	0.0037692834872064427	0.7986564398891449
GDF15	3.177528605548388	0.984800343889404	0.003808890526028258	0.7986564398891449
TBCC	-3.1758160482279063	-0.31929460427378115	0.0038250573712527176	0.7986564398891449
LNCTAM34A	3.17401037580556	0.6648864645823023	0.0038421746415282054	0.7986564398891449
LOC105375166	3.1735946922865748	0.9792635846266236	0.0038461256140180458	0.7986564398891449
RBM15B	-3.1651892105536206	-0.23678020647189849	0.003926860175500951	0.7986564398891449
C6orf47	-3.1644431972974263	-0.2601426967099675	0.003934103751140758	0.7986564398891449
MAGEB3	-3.163590961581287	-0.3912180543483892	0.003942394419889352	0.7986564398891449
CYP3A7	3.1635449775567057	1.892201525542915	0.00394284223570962	0.7986564398891449
HNF4A-AS1	3.1548118019207063	3.127149892746445	0.004028781715777292	0.8075605985922881
MIEF1	-3.14690837287665	-0.2611399413955209	0.004108103778195992	0.8075605985922881
TRIM22	3.141667536588344	0.3855460986814489	0.004161527119611839	0.8075605985922881
LINC02174	-3.1398926663943	-0.959514001408854	0.004179770184141789	0.8075605985922881
DUXAP8	3.138690898536961	0.8058743094552684	0.004192166133293625	0.8075605985922881
LINC02499	3.13162165549828	3.3174476018691355	0.004265800614316549	0.8075605985922881
LINC01474	3.1314355983511306	0.8915339662904046	0.0042677552738824885	0.8075605985922881
INTS5	-3.1301398453025038	-0.2680448354573341	0.004281391900112718	0.8075605985922881
TTLL3	3.1274291489466712	0.368554275145592	0.004310054787007409	0.8075605985922881
RBBP8P1	-3.122619681624181	-0.5050853261942658	0.004361363482825412	0.8104206326268311
CLDN17	-3.118144810335459	-0.9251557212392896	0.004409628091064223	0.8126727704876064
CTR9	-3.1114782305358664	-0.2579079002999531	0.0044824823483801636	0.8144662107502505
OR7E29P	-3.1106323912248817	-1.0876829492939641	0.00449180795823835	0.8144662107502505
LINC00463	3.103113101115043	0.6464083440047323	0.004575531319752827	0.8216515446916516
PPY	3.100451479969499	1.2417637137418898	0.004605523707704777	0.8216515446916516
GCC1	-3.0947904507290245	-0.24178642500820774	0.00466994214780369	0.8216515446916516
H2BC17	3.0912377994329594	0.6330367297677821	0.0047108084107044266	0.8216515446916516
RPL7L1	-3.0909482220391054	-0.22549870804903338	0.004714154477193696	0.8216515446916516
CUL3	-3.072207650594931	-0.24828304950320912	0.004935605922444509	0.8536320273864795
FBXO47	-3.06113556905826	-0.4063805775406026	0.0050710814621143	0.870367905299068
RPUSD2	-3.055147035008509	-0.2849283418671502	0.005145829967479838	0.8751286234340722
ACAD11	3.0476808801141826	0.3925947831483916	0.005240497522978704	0.8751286234340722
GADL1	3.046383431705338	0.8217077608223488	0.005257117402068381	0.8751286234340722
EID2	-3.046114642827405	-0.2545351837722562	0.005260566788528079	0.8751286234340722
PPIAP26	-3.043562187112673	-0.6766704450892403	0.005293430563379907	0.8751286234340722
RRN3P2	3.0324363517615156	0.5303356149452219	0.0054389838173069995	0.8926285558272306
LOC100289656	-3.0285798351164512	-0.7167929684980359	0.005490322536758471	0.8945247240324453
PCDH10-DT	3.018277545771498	0.7823918650740173	0.00562974669034899	0.8946342163478723
RBMY2FP	-3.0105257270534094	-0.3580405552174084	0.0057368749864500825	0.8946342163478723
TPTE	-3.008418821517425	-0.395216304234613	0.005766326292139487	0.8946342163478723
PSME3	-3.0000784615987808	-0.2596945903296285	0.005884332853262469	0.8946342163478723
LINC02544	2.998491751828702	0.5023939705672076	0.0059070421134831816	0.8946342163478723
NLRP5	-2.998354919283568	-0.4524326229371131	0.005909004392050374	0.8946342163478723
IFITM4P	2.9944854175990705	0.7942248194709332	0.005964753785462994	0.8946342163478723
RTL6	-2.994045823997161	-0.2829323450953831	0.005971118794129553	0.8946342163478723
SLC25A44	-2.9893185239111726	-0.27381898617264266	0.006039977112487028	0.8946342163478723
LOC101927450	-2.9872669841308968	-0.93486768508466	0.00607009487152374	0.8946342163478723
UQCRFS1	-2.980075070858547	-0.280832715849328	0.006176810008110381	0.8946342163478723
SLC6A15	2.9777023747649136	1.086115618645629	0.006212406853475659	0.8946342163478723
CNOT11	-2.975886427847184	-0.212289399746852	0.006239782834507299	0.8946342163478723
GCM2	-2.974686380344865	-0.2964740769562012	0.006257936927040386	0.8946342163478723
RIOX1	-2.9735218817870703	-0.29933784282387466	0.006275601308078181	0.8946342163478723
GNG8	2.973029584911204	0.7167263441333389	0.006283083269725998	0.8946342163478723
OPA3	-2.96801206076969	-0.2747542707770357	0.00635982582884714	0.8946342163478723
YTHDF2	-2.9547760303731336	-0.19445341903394972	0.006566573133674504	0.8946342163478723
DUSP29	2.954709543039631	0.4638058580668955	0.0065676276285639495	0.8946342163478723
PIK3CD-AS1	-2.9527820483480998	-0.6821212375194641	0.0065982679698012355	0.8946342163478723
TMEM215	-2.9514435826898247	-0.5825189321098125	0.006619624762582861	0.8946342163478723
VWCE	2.949661886860893	0.5590652358996511	0.00664815582406292	0.8946342163478723
FMO3	2.9474368126818433	0.8475690237795332	0.006683951110781727	0.8946342163478723
CLK1	2.945232516731479	0.340393411787229	0.006719592768516231	0.8946342163478723
CT47B1	-2.944338234837066	-0.3556320728756277	0.006734104032684508	0.8946342163478723
RPL17P36	2.935904140271551	0.9582372745092672	0.00687243480258911	0.8946342163478723
CHAMP1	-2.9344048070392423	-0.2599683872016545	0.006897306927282745	0.8946342163478723
MUL1	-2.933238491209167	-0.22663307235763205	0.006916713814158632	0.8946342163478723
LINC02212	2.925170925729103	1.6804228980145997	0.007052381211872459	0.8946342163478723
DHX8	-2.9219189487536714	-0.16955896829909187	0.007107779284770682	0.8946342163478723
TBX19	2.9212936527801685	0.38648247444737993	0.007118478584114473	0.8946342163478723
NCOA4	-2.920511340420145	-0.22467376432545189	0.007131886091057209	0.8946342163478723
MED18	-2.9184096160618327	-0.34688431554766763	0.00716802491541077	0.8946342163478723
HIF1A-AS3	2.9068814296713237	0.6665591037587849	0.0073693621818259995	0.8946342163478723
SPRY1	2.899314711592994	0.5431904638409116	0.007504417702491395	0.8946342163478723
STARD7	-2.8989478662220813	-0.243132619687602	0.0075110246944787695	0.8946342163478723
SNORD87	2.8963242412565866	0.49586162043271453	0.007558438007290251	0.8946342163478723
RAMAC	-2.8961695621117673	-0.2822008625428594	0.007561242160817618	0.8946342163478723
ZNF767P	2.8947147337353667	0.2616865895302463	0.007587664829174607	0.8946342163478723
DOLK	-2.8911593616145814	-0.3432811122758845	0.007652606577088289	0.8946342163478723
AFG3L2	-2.8891808291500176	-0.26580388713826125	0.007688973927658081	0.8946342163478723
SF3B4	-2.8868372986304447	-0.2244909753953549	0.007732262246701774	0.8946342163478723
FEN1	-2.8864475732244363	-0.46138052350802566	0.007739483388784678	0.8946342163478723
KPNA7	-2.885830905234372	-1.3108538472608746	0.007750922563072632	0.8946342163478723
PSMC1	-2.8855840035641145	-0.31687530568324224	0.007755507072963049	0.8946342163478723
XXYLT1-AS2	2.883299907149562	0.5400315415435423	0.007798040567726669	0.8946342163478723
KIAA0100	-2.875715283863002	-0.20291647148844327	0.007940869392736962	0.8946342163478723
TAS2R20	2.8717365950626337	0.47462842248220505	0.00801678099521393	0.8946342163478723
COA7	-2.871137965109023	-0.34060449005700527	0.008028261897425481	0.8946342163478723
RGP1	-2.86561816200646	-0.2038009011330086	0.00813486031594747	0.8946342163478723
SMPD4BP	2.865329755930826	0.29016614599312823	0.008140466689342705	0.8946342163478723
AHSA2P	2.864170664170143	0.3028867290668274	0.008163035378042822	0.8946342163478723
CMAHP	2.86344219302652	0.44383005331728065	0.008177249745188917	0.8946342163478723
CPEB1-AS1	2.8611879796743143	0.7100660312374086	0.008221383884944426	0.8946342163478723
ROS1	-2.8592166528874188	-1.3860976865585133	0.00826016422786955	0.8946342163478723
LINC00706	2.850912166376629	0.9552329454856472	0.008425440433699055	0.8946342163478723
XAGE3	-2.846350515125327	-0.3649949293297927	0.008517552837091874	0.8946342163478723
MFAP1	-2.8446396300281354	-0.23050759277164126	0.008552345311108678	0.8946342163478723
NPY4R2	-2.8396962674324318	-0.8548494777926119	0.008653629946455783	0.8946342163478723
ATMIN	-2.8377343350616635	-0.19412329036856044	0.008694141500226708	0.8946342163478723
LINC02037	2.827060374986194	1.4763844656948315	0.008917704971336647	0.8946342163478723
PPP1R8	-2.825704710858876	-0.19590997656729534	0.008946484674060527	0.8946342163478723
LINC02669	-2.824887918967852	-1.020710620615688	0.008963866867904046	0.8946342163478723
FBXL18	-2.824646864430144	-0.282894070796526	0.0089690028565195	0.8946342163478723
RIC8A	-2.8238361140082695	-0.1595532608795778	0.008986297379978306	0.8946342163478723
LINC02239	-2.8215057201149727	-0.8407557999335395	0.009036183734348094	0.8946342163478723
DMRT1	-2.812625281069065	-0.2312883295822612	0.009228693212339776	0.8946342163478723
RAX2	2.808782880425118	1.2266454624621757	0.009313182839160852	0.8946342163478723
DPP3P2	-2.8086569745844527	-1.438882820604443	0.009315963666730865	0.8946342163478723
SYNPR	-2.8084660521911764	-1.2556600710232189	0.009320181981730024	0.8946342163478723
DDX1	-2.8082372674641696	-0.21719044083355635	0.009325239216363404	0.8946342163478723
MAGEB4	2.807321183431565	0.4091770944911972	0.009345515002599702	0.8946342163478723
HDAC1P2	2.8039234588337627	0.5363271827440288	0.009421081071694239	0.8946342163478723
RPL21P78	-2.8036789182428103	-0.5076583698227486	0.009426541883103342	0.8946342163478723
POLR2F	2.802788109554165	0.5534530818674833	0.00944645970630612	0.8946342163478723
SHOX2	2.7976330791119106	0.988027265617197	0.009562504241539524	0.8946342163478723
LINC00222	2.7961346775499254	0.5803909356346085	0.009596486047463798	0.8946342163478723
AZGP1P2	2.79544323452113	2.8859740479935114	0.009612205451509889	0.8946342163478723
KCNQ1OT1	2.791601593551642	0.44014826641361776	0.009699985221862226	0.8946342163478723
NCBP2AS2	-2.7879023066147215	-0.26968352214123925	0.009785226105129299	0.8946342163478723
FAM32A	-2.7843415948444763	-0.17785359370987577	0.009867940372330066	0.8946342163478723
OBP2B	-2.783726873352507	-0.4774190254622814	0.009882286699946622	0.8946342163478723
LINC02078	-2.783377491128138	-1.0604924422661322	0.009890449316085891	0.8946342163478723
TWNK	-2.783109812465006	-0.38319064773539085	0.009896707390273011	0.8946342163478723
ASCL3	2.782043029674801	1.315365307939106	0.00992168485058637	0.8946342163478723
TRPV5	2.7786947881284974	2.1611361768870636	0.010000466311610707	0.8946342163478723
NIF3L1	-2.7780947069130555	-0.23854220598734172	0.010014647876961408	0.8946342163478723
MRPL44	-2.7777738878387876	-0.23159269974412122	0.010022237481717954	0.8946342163478723
LOC105369911	-2.772535971167806	-1.0061606722766694	0.010146919611512439	0.8946342163478723
RNF26	-2.7719147874572347	-0.21285595124384518	0.0101618026419527	0.8946342163478723
HMGB3P10	-2.7653625980148373	-0.5262627463371686	0.010320044447076671	0.8946342163478723
POLE3	-2.7652644846271386	-0.2282332954938244	0.010322431516764196	0.8946342163478723
CSTF1	-2.7633108861318245	-0.17428883353624003	0.01037007033457271	0.8946342163478723
LINC02511	2.7633035437859195	0.8582473210803505	0.010370249768598684	0.8946342163478723
UBE3C	-2.7628497096833544	-0.18254716984724126	0.010381346350728928	0.8946342163478723
L3MBTL4	2.7620495751347316	0.38901791238850325	0.010400937462855891	0.8946342163478723
UVRAG-DT	-2.7616533120440825	-0.579979695550794	0.010410652753131359	0.8946342163478723
LOC338694	2.759479399150911	0.6812067267286175	0.010464103295428701	0.8946342163478723
OTX2	-2.7550036338087347	-0.4178891862999671	0.010574964258456465	0.8946342163478723
LINC02459	-2.7548983366713826	-0.7148760531990299	0.010577585636561117	0.8946342163478723
NGF-AS1	-2.754057327653438	-0.6626961024316806	0.01059854455357934	0.8946342163478723
EIF3EP3	2.752303157838491	0.7558738866687094	0.010642386282042868	0.8946342163478723
OR52N4	2.749162611650447	0.8128148955967421	0.010721303918619977	0.8946342163478723
MTOR	-2.748884643033247	-0.1789174535616905	0.010728315339753816	0.8946342163478723
RPL10AP9	2.7488820908114886	0.8250210870859394	0.010728379736425162	0.8946342163478723
FASTKD2	-2.746459653725422	-0.19940245350583183	0.010789665914337571	0.8946342163478723
LINC01907	2.7430654797994456	0.48906513128995477	0.010876090383528596	0.8946342163478723
MRPS18C	-2.740144566295557	-0.25148428417457147	0.01095098501116314	0.8946342163478723
ADGRF5P1	-2.7371845059123463	-0.7901429139995464	0.011027377762140739	0.8946342163478723
PLAA	-2.736799312793843	-0.19983267856424927	0.011037355509937306	0.8946342163478723
ABCF1	-2.73668432533807	-0.17850271480969387	0.011040335700990528	0.8946342163478723
CEP44	2.7345932731886613	0.21638735299397632	0.011094662696019148	0.8946342163478723
LOC100421620	-2.7292362009523226	-1.764605795619364	0.011234991438676515	0.8946342163478723
LINC00320	2.725927724867245	0.7294703866538055	0.011322488129991707	0.8946342163478723
TMEM186	-2.7250206978110185	-0.23443387435448163	0.011346587106502942	0.8946342163478723
APOBEC3H	2.7224395168300113	0.6034465158652492	0.01141543084041892	0.8946342163478723
BCAP31P2	2.7222729970537176	0.7134655622860517	0.01141988559783722	0.8946342163478723
MFAP4	2.7183194759400515	0.6284364964046735	0.011526131292536764	0.8946342163478723
CHROMR	2.7179555861921716	0.2935465050381137	0.01153595684647263	0.8946342163478723
SPRING1	-2.7174639096302116	-0.28747226662559394	0.011549245319721818	0.8946342163478723
RRAGA	-2.713652743329656	-0.19631336650811698	0.011652737549383417	0.8946342163478723
BORCS8-MEF2B	2.712047773714119	0.310071582100917	0.011696580398717507	0.8946342163478723
MED15P9	2.710365885914668	0.3867667460380344	0.011742690476925539	0.8946342163478723
LOC100419679	2.7083781032338745	0.6272110999638378	0.011797406755729581	0.8946342163478723
UMPS	-2.7070986813760753	-0.26128965250740643	0.011832750911505492	0.8946342163478723
LINC02742	-2.706739958956527	-0.8407625424884203	0.01184267846881161	0.8946342163478723
BPIFB6	2.7057108540059795	3.598017658881416	0.011871202077038248	0.8946342163478723
LLPH	-2.7042693770286097	-0.20650855525251544	0.011911263720733853	0.8946342163478723
KRT18P48	-2.703466711371622	-0.6835292118681484	0.01193362639498838	0.8946342163478723
HLA-F-AS1	2.700551946322751	0.35387389788379364	0.012015164763317994	0.8946342163478723
URB2	-2.7003805709039974	-0.37407531386832416	0.012019975086147968	0.8946342163478723
LINC01148	-2.7000530873227926	-0.3783165127030214	0.01202917221912269	0.8946342163478723
RADX	2.697718020558464	0.36957656723773574	0.012094942338800941	0.8946342163478723
PCDHB9	2.691914428630585	0.38598029019285607	0.012259870932606831	0.8946342163478723
TEX37	-2.6916790823986227	-0.674454923352342	0.012266603354532444	0.8946342163478723
LINC01340	2.691342118131514	0.4564869834243137	0.012276248740271003	0.8946342163478723
OVAAL	-2.688138092416663	-0.9510847569653064	0.012368317660697218	0.8946342163478723
MRPS16	-2.686704702267201	-0.20883343228534096	0.012409715793356741	0.8946342163478723
CDC123	-2.685875714906533	-0.21091653120730353	0.012433717216147026	0.8946342163478723
LINC01093	2.684326602131644	2.6778528558181565	0.01247868481492045	0.8946342163478723
TRIM60	-2.6833321154394825	-0.2822999756949209	0.012507632985847512	0.8946342163478723
MRPS17	-2.6830384015532363	-0.22276282071796452	0.012516194626823405	0.8946342163478723
BNIP3P9	2.681452750120472	0.4769012719481629	0.01256251061000169	0.8946342163478723
LOC101928386	2.67814563025274	0.4774387283552614	0.012659626683651266	0.8946342163478723
LINC02561	2.672585439600819	0.7104933228820474	0.012824491951782688	0.8946342163478723
MRPS23	-2.6724788992262467	-0.24469249816399122	0.012827670517711645	0.8946342163478723
LINC-PINT	2.6724783782983783	0.41942827329512594	0.012827686061082595	0.8946342163478723
METTL13	-2.672076162591949	-0.21104104017602443	0.012839692578529084	0.8946342163478723
LINC02783	2.670912357162277	0.5164545845103898	0.01287449254129971	0.8946342163478723
WDR82	-2.6684944575075655	-0.16659566016817434	0.012947074665178917	0.8946342163478723
TSPYL5	-2.6677303344089207	-0.33772691536871935	0.01297009213311335	0.8946342163478723
TSFM	-2.667357989590554	-0.19378427166055706	0.012981322042610176	0.8946342163478723
TRMT12	-2.6665957699688705	-0.18770325786955488	0.013004338945948851	0.8946342163478723
OR10J6P	2.6661179975598017	1.9216882110126177	0.013018785800984289	0.8946342163478723
LINC01831	2.6652462437220623	1.982397259897252	0.013045184546958535	0.8946342163478723
ABT1	-2.660818920820856	-0.1976762582223581	0.013180028970166334	0.8946342163478723
RNU6-312P	2.660407416432843	0.4246818162926462	0.013192628293511274	0.8946342163478723
DAZL	-2.6594564549529136	-0.2328988756769341	0.013221787667003675	0.8946342163478723
GDF2	2.658945675119482	1.3505761246936308	0.013237474602792195	0.8946342163478723
SYCP1	-2.657632231314365	-0.3109525550725589	0.013277892702895705	0.8946342163478723
PLSCR4	2.6566860425527445	0.34478697693906063	0.013307080884543599	0.8946342163478723
GSK3B	-2.655746403935828	-0.1694226772903869	0.013336126371732605	0.8946342163478723
AIMP2	-2.654037425197196	-0.33105387522322133	0.013389105191745708	0.8946342163478723
LCMT2	-2.6530119021537426	-0.2791632269602965	0.013420991088868984	0.8946342163478723
PP12613	2.65163650206606	0.5186986145891319	0.013463866931138149	0.8946342163478723
EIF4E2	-2.651059048069966	-0.14884372130476786	0.013481906246887436	0.8946342163478723
POLR1B	-2.6510345230498293	-0.2899160022218323	0.013482672893669851	0.8946342163478723
MFSD5	-2.650859700144985	-0.3051101020692278	0.013488139000198558	0.8946342163478723
LOC727838	-2.6482623407158687	-0.3272901642686956	0.013569593802097558	0.8946342163478723
FAM193B	2.6475480044849267	0.2515094471967397	0.013592076299139097	0.8946342163478723
LINC00670	2.6442471153057148	0.6433887159770851	0.013696418855238712	0.8946342163478723
ATP1B4	2.642985726590818	0.8140667897653371	0.01373648917778352	0.8946342163478723
CIAPIN1	-2.6418595792714803	-0.2055909393442979	0.013772355818045314	0.8946342163478723
TRAF3IP2-AS1	2.640085606785612	0.2523495881489009	0.01382903251574189	0.8946342163478723
CHD8	-2.6386440248244076	-0.1472045357979186	0.013875250029554125	0.8946342163478723
PRR23A	-2.636904901519727	-0.2711499567983551	0.013931198789739996	0.8946342163478723
TECRL	-2.636641206163103	-0.6239934577748892	0.013939700416875216	0.8946342163478723
MAGEC2	-2.6362768604750024	-0.2446297895383535	0.013951455016433084	0.8946342163478723
EMC3	-2.633536469207832	-0.20341003888345627	0.01404016317079328	0.8946342163478723
GDE1	-2.630728527357371	-0.23831867973983265	0.014131604006554936	0.8946342163478723
MIR17HG	-2.630598294582495	-0.6988652694525707	0.014135858506879184	0.8946342163478723
TAF1L	-2.629788891769888	-0.429275727746917	0.014162327244552443	0.8946342163478723
RHOQ-AS1	2.6296309851129496	0.5142539541364812	0.014167496429067113	0.8946342163478723
RGS1	2.6294764442877954	0.8594680146061203	0.014172557135832582	0.8946342163478723
PCNX2	2.6292096514516086	0.2922315427515358	0.014181297699893996	0.8946342163478723
MAGEA1	-2.62894559371971	-0.2177336398395319	0.014189953611518005	0.8946342163478723
USP10	-2.626753804129674	-0.17037441009632986	0.014261991864528317	0.8946342163478723
CLTC	-2.6236112692573546	-0.21530689168163858	0.01436587419768159	0.8946342163478723
HSPA4	-2.6230010619553688	-0.25693903956327335	0.014386127412876962	0.8946342163478723
CLEC2D	2.6227075031136753	0.4142364748984847	0.014395880327778358	0.8946342163478723
EIF5	-2.6189250560878263	-0.23316640829317126	0.014522097694968506	0.8946342163478723
CD69	2.6183210335221907	0.7522545024460683	0.014542348789873866	0.8946342163478723
TMEM132E-DT	-2.617867565446855	-0.7042106215827819	0.014557569543188367	0.8946342163478723
KDM1A	-2.615423614001074	-0.13153683785283524	0.014639857430658647	0.8946342163478723
GSTM2	2.6153475575431995	0.4148104038863411	0.014642425198811586	0.8946342163478723
MRM2	-2.6139048607238986	-0.19665623548775718	0.014691212189101705	0.8946342163478723
AIFM1	-2.6093630005317205	-0.19861237995854103	0.014845793517902118	0.8946342163478723
DLD	-2.6092076563432767	-0.22242131577702406	0.014851107346889662	0.8946342163478723
WDR3	-2.60620943307583	-0.2814137002918078	0.014954014938841357	0.8946342163478723
FMR1NB	-2.605760673705924	-0.3130331235876546	0.01496947469818697	0.8946342163478723
KAT2A	2.6056166378581156	0.2779561689958263	0.014974439889413013	0.8946342163478723
STOML2	-2.6044832774147495	-0.19145043864241262	0.015013562573532075	0.8946342163478723
CLPTM1	-2.602949278505937	-0.15558851521136827	0.01506666668094183	0.8946342163478723
KIFBP	-2.6008707017292614	-0.21010831181235137	0.015138902289270673	0.8946342163478723
PBDC1	-2.6005191908291314	-0.2143626465452814	0.01515114999768152	0.8946342163478723
CCT5	-2.6001765467506033	-0.29135970374332887	0.015163097642711976	0.8946342163478723
PSMB5	-2.599156153568399	-0.20359625901321413	0.015198729703486494	0.8946342163478723
RPL5P17	2.598142313434763	0.6948545772369756	0.015234210164200058	0.8946342163478723
TLDC2	2.597687426684831	0.535038146257457	0.015250154489752716	0.8946342163478723
ESX1	-2.596523379736748	-0.2730792781114344	0.015291026532056726	0.8946342163478723
ASXL3	2.5961921711605553	0.4852163655855263	0.015302674564601037	0.8946342163478723
NOA1	-2.596039298016078	-0.1984661651319495	0.015308053635308166	0.8946342163478723
EIF4G1	-2.5912933053776386	-0.22547122352068744	0.015475926949556	0.8946342163478723
H2BC18	2.590846902500029	1.0790917061082652	0.015491804805741943	0.8946342163478723
NR2F2-AS1	2.590515511077818	0.47524223733305776	0.015503601689676889	0.8946342163478723
PCDH9	2.589782670784421	0.5084317204597469	0.015529719065803513	0.8946342163478723
PSMD7	-2.589582207935803	-0.24784384825356934	0.01553687040458855	0.8946342163478723
RNF212B	-2.5889563590660374	-0.2679163247498495	0.015559216751273117	0.8946342163478723
PPM1G	-2.5879921513875597	-0.208016474937145	0.015593702979450246	0.8946342163478723
TEX19	-2.5871764481453	-0.3947114106929144	0.015622933278157032	0.8946342163478723
TP53RK	-2.5864935947745127	-0.20708841523647856	0.015647442176317777	0.8946342163478723
SLC22A25	2.584783389262632	1.8978233084465896	0.01570898180397487	0.8946342163478723
UBIAD1	-2.5841473937359303	-0.2216267784839982	0.015731924711727158	0.8946342163478723
ZNF587B	-2.583050975644511	-0.31597481864430227	0.01577155012888696	0.8946342163478723
AP5B1	-2.5795951379724618	-0.28620622172173205	0.015897055287958456	0.8946342163478723
NACC1	-2.5790708451533737	-0.27835202285804295	0.015916176923425406	0.8946342163478723
MRPL15	-2.578267112787203	-0.2588448050556477	0.01594553162106679	0.8946342163478723
SLC4A1AP	-2.5779825852250267	-0.17408611124899914	0.015955935477549033	0.8946342163478723
TCIM	2.5746026615199593	0.6048526395696905	0.016080007547332666	0.8946342163478723
PCDHB16	2.57321759667536	0.38658872302208597	0.016131109936007266	0.8946342163478723
TBC1D14	-2.570793322970567	-0.2421482782051897	0.016220917861679302	0.8946342163478723
ITGBL1	2.569837434219074	0.6786136541773686	0.01625645664138889	0.8946342163478723
DEFB132	-2.5696484224947715	-1.243430582869628	0.016263492432577836	0.8946342163478723
KLHDC1	2.5684755984588254	0.3305274185858597	0.016307213063199273	0.8946342163478723
MRPS11	-2.5684165289629983	-0.20328656266165768	0.016309417947777	0.8946342163478723
CXCR4	2.5680575812493	0.5544049973578155	0.016322822333059005	0.8946342163478723
ZNF778	-2.5669542961721787	-0.21073277919212363	0.016364087057489506	0.8946342163478723
HNRNPUL2	-2.5657597868174826	-0.1430963342140838	0.016408873019843118	0.8946342163478723
CLEC2B	2.564822200946095	0.38883489505245084	0.016444105866272995	0.8946342163478723
LINC01095	-2.5647258892611595	-1.270578886484862	0.016447729070742968	0.8946342163478723
KRT18P42	2.5640372394852786	0.3833442662078856	0.016473657404522328	0.8946342163478723
ACTRT3	-2.5630394751658154	-0.44681634931266134	0.016511291585070982	0.8946342163478723
RNU1-70P	2.562481648239193	2.589110903427917	0.01653236678334743	0.8946342163478723
TRIP12	-2.562357146085176	-0.17155279369442944	0.016537073996067422	0.8946342163478723
PSMA5	-2.5612831705691717	-0.2115904856935274	0.016577730896670407	0.8946342163478723
RTCB	-2.559724002156826	-0.18637196909101716	0.016636920765640995	0.8946342163478723
LINC02898	2.556316073377526	0.485915574591236	0.016766978226284646	0.8946342163478723
SENP3	-2.554865167679187	-0.15865371057379574	0.016822635484374647	0.8946342163478723
LCAT	2.5503200983015466	0.31877770323964905	0.016998098332674707	0.8946342163478723
KIAA1328	2.548688518860134	0.24641013405999293	0.017061498942207886	0.8946342163478723
IKBKGP1	2.548148245423597	0.5824644949479503	0.0170825414464585	0.8946342163478723
COPS5	-2.5479153011617797	-0.15801684797696658	0.017091621560983563	0.8946342163478723
GSPT1	-2.5469445087805562	-0.1885644596779152	0.017129511083731064	0.8946342163478723
ZNF629	-2.5460271530101326	-0.23544959981303798	0.017165386624726404	0.8946342163478723
CNOT1	-2.545852480302559	-0.2194691402100055	0.017172225544698515	0.8946342163478723
MAIP1	-2.545658770236621	-0.1948845937783886	0.017179812786812954	0.8946342163478723
XRCC3	2.545105076972508	0.24115150949796263	0.017201517020026213	0.8946342163478723
TSSK5P	-2.544126851649206	-0.35643509783264377	0.017239924691743902	0.8946342163478723
ZNF689	-2.5433674578479697	-0.24460194615012273	0.01726979531463216	0.8946342163478723
PCDHA10	2.5429067499435516	0.5138359027395715	0.01728794057593922	0.8946342163478723
LINC02022	-2.5402994231240914	-0.3867855248525387	0.01739096547847602	0.8946342163478723
LINC02552	-2.538507080924548	-0.9517800962578512	0.017462117402871645	0.8946342163478723
MRPL46	-2.5382655686219846	-0.20304642941835435	0.017471725510046276	0.8946342163478723
ANKS3	2.5363964049277743	0.21287338779769593	0.01754625261566412	0.8946342163478723
GNRH1	2.536093719582417	0.41216848009086504	0.017558348955111505	0.8946342163478723
CCDC197	-2.5357478765620454	-0.6200501239503734	0.017572179488175247	0.8946342163478723
PRPF3	2.535018300134697	0.15414260432974253	0.017601388961385776	0.8946342163478723
LINC00115	2.5342633179897573	0.37757055706566095	0.017631662979593135	0.8946342163478723
ILF2	-2.5341581776640987	-0.21818494643162972	0.01763588282800507	0.8946342163478723
BARHL2	-2.533728019136633	-0.2364805413678263	0.01765315716482131	0.8946342163478723
GRM3	-2.5318505520189643	-0.8488193153255372	0.01772873643934449	0.8946342163478723
ANKRD34C-AS1	-2.5314558745569165	-0.4338113263636319	0.017744662677993853	0.8946342163478723
SMCR2	2.531442841928226	0.3724871095857145	0.0177451888038248	0.8946342163478723
GSPT2	-2.5298155667115307	-0.28599384815860596	0.017810995476286257	0.8946342163478723
XRCC5	-2.529305924502672	-0.17454744293272628	0.01783165177264086	0.8946342163478723
PARP1	-2.5292588598278134	-0.2346689814070519	0.017833560469414318	0.8946342163478723
IRF3	2.5286489938262897	0.17790385789388233	0.017858310572354284	0.8946342163478723
TCL1A	-2.5282186949306804	-1.1219979451352287	0.017875792481123462	0.8946342163478723
DDX52	-2.526262724960117	-0.1760992796920579	0.01795545846851578	0.8946342163478723
PRDM12	-2.5262266602800336	-0.4852350513499788	0.017956930455014973	0.8946342163478723
WSB2	-2.525823184632301	-0.21299971293929248	0.017973406012534703	0.8946342163478723
MTCH2	-2.5250748529906852	-0.2171963645464727	0.018004000536171946	0.8946342163478723
LANCL2	-2.5238910160877426	-0.22941065901527413	0.018052498668322595	0.8946342163478723
HLA-DQB1-AS1	2.523714646851986	0.7376779967065288	0.01805973432099394	0.8946342163478723
VCP	-2.5213190686856164	-0.19899549797465016	0.01815828080945744	0.8946342163478723
SDHB	-2.5206394671147896	-0.20281392249544125	0.018186328031874015	0.8946342163478723
LIPI	2.519940061731994	0.7459549611204013	0.01821523445510904	0.8946342163478723
MMADHC	-2.519891673019012	-0.1956456332438694	0.01821723593373051	0.8946342163478723
ALPP	-2.5197569678334197	-1.1471250498471286	0.01822280875119432	0.8946342163478723
BRF2	-2.5188756771449166	-0.24863329692424616	0.018259307140942697	0.8946342163478723
RPE65	-2.518160175784814	-1.347086248208776	0.01828898920142833	0.8946342163478723
ZBTB25	2.515892087752653	0.24575544877591415	0.018383374795738167	0.8946342163478723
SEC24AP1	2.5149588957051514	0.8137677988003716	0.01842234002666924	0.8946342163478723
MARS2	-2.5121671190766697	-0.3790855901353811	0.01853936710005536	0.8946342163478723
SKOR2	-2.510829322144616	-0.2800400501953417	0.018595689098571323	0.8946342163478723
LINC02242	-2.509030757932301	-0.6985289198074741	0.01867165926858639	0.8946342163478723
XRN2	-2.5089196416363033	-0.21394369578911276	0.018676362156443558	0.8946342163478723
USP7	-2.5088446516116165	-0.13139265432742736	0.018679536654984327	0.8946342163478723
SMUG1P1	2.507703669286822	2.504434697895089	0.01872789867740212	0.8946342163478723
DEPDC1-AS1	-2.507461100748132	-0.3505465536325263	0.018738195185280193	0.8946342163478723
VPS18	-2.5064887829514353	-0.21090473304417204	0.01877952057165576	0.8946342163478723
HCCS	-2.5061217871164327	-0.22719280085789326	0.01879514051538308	0.8946342163478723
TMEM207	-2.506033863273737	-2.866727681521378	0.018798884482731173	0.8946342163478723
LOC105371814	-2.505992066725782	-0.2944523250595632	0.018800664502600012	0.8946342163478723
NYX	2.5040429962069393	2.1961281953114247	0.01888384438711859	0.8946342163478723
IL15	2.503879765073763	0.2791250609321247	0.01889082598087598	0.8946342163478723
TFDP3	-2.5028995254913458	-0.2109481270810969	0.01893280227056224	0.8946342163478723
DDB1	-2.500969029746775	-0.15765768261081825	0.01901572328941507	0.8946342163478723
CCT2	-2.5007571483837387	-0.23666253231212833	0.01902484470645559	0.8946342163478723
CSTF2T	-2.5005237602335746	-0.22690710240690978	0.019034896666800437	0.8946342163478723
CHTF8	-2.4983860290506876	-0.16197302507448905	0.01912719695258034	0.8946342163478723
APEH	-2.4971222237744826	-0.19043015931451335	0.019181958455578654	0.8946342163478723
ADO	-2.4960702503792436	-0.2103822138070235	0.019227651668495736	0.8946342163478723
PSMD1	-2.493084973645354	-0.22501443657083608	0.01935786786366559	0.8946342163478723
SRSF5	2.4917929378598416	0.21659926541588986	0.019414478150971415	0.8946342163478723
DMRTC2	-2.49130893246873	-0.2720136910213879	0.019435724119295287	0.8946342163478723
ZNF678	2.4907948266957525	0.26058060334422145	0.019458314912500566	0.8946342163478723
LOC155060	2.4906972498968063	0.28915146751125087	0.019462605363371136	0.8946342163478723
TM9SF2	-2.4900270319337676	-0.2080826405340588	0.019492098475999694	0.8946342163478723
TNFRSF14	2.4894033002184535	0.3035650882067979	0.0195195830508041	0.8946342163478723
FADD	-2.484355679531181	-0.3879347999462061	0.019743326243821947	0.8946342163478723
TVP23C	2.483073776524695	0.2228799911012016	0.019800524522483855	0.8946342163478723
FAM168B	-2.483032352873951	-0.170326863433502	0.019802375388731197	0.8946342163478723
RN7SKP26	2.4829252740619565	0.6370365714297899	0.019807160559272317	0.8946342163478723
CTAGE1	-2.4811738227297	-0.4786185266469491	0.019885581711144684	0.8946342163478723
SYCP3	-2.477337578426461	-0.5159386202277499	0.02005835224592985	0.8946342163478723
TSIX	2.472986389161353	0.56086434692314	0.020255990912746373	0.8946342163478723
PHAX	-2.4726287799683657	-0.17320534036578575	0.020272313827161006	0.8946342163478723
PNISR	2.4715005676011286	0.2312954471715195	0.020323890184472705	0.8946342163478723
MAGEA6	-2.4704840485521253	-0.2209423773197367	0.020370464151336247	0.8946342163478723
STX16	2.468786891940338	0.170588766870812	0.020448442504938547	0.8946342163478723
LINC00466	2.466926006724148	0.29753097954512797	0.020534260109156655	0.8946342163478723
HIF1AN	-2.4647007622487433	-0.15128830646881736	0.020637316879278108	0.8946342163478723
POU6F2-AS1	2.4641814324201405	1.4553372787911798	0.020661436938809695	0.8946342163478723
NOX4	2.462860233298859	0.7163556194698205	0.020722916751932125	0.8946342163478723
AMTN	-2.462589158893071	-1.780863479270855	0.020735551591634694	0.8946342163478723
CDHR4	2.4613598228220672	0.6091236481323288	0.02079294044092585	0.8946342163478723
CHD4	-2.4594469134408197	-0.15034945067020913	0.020882531741590802	0.8946342163478723
RPL11P3	2.45904930615399	0.5958621167756498	0.020901198340921554	0.8946342163478723
PRPF19	-2.4568350527727234	-0.19813352524386155	0.021005433301236706	0.8946342163478723
GABRA1	-2.456584645384883	-0.7039802065064844	0.021017251225986643	0.8946342163478723
CEP57L1	2.4562901941076993	0.23512303818257277	0.021031155633736063	0.8946342163478723
SLC2A3	2.4561803381395673	0.6158034585397573	0.021036345360211917	0.8946342163478723
LOC392266	2.4554307410100518	0.5669125336936657	0.021071788739436118	0.8946342163478723
CENATAC	2.455284793151892	0.25374969393243296	0.021078696025325687	0.8946342163478723
POU4F1	-2.4550286785497866	-0.2331250737063317	0.02109082222613053	0.8946342163478723
RPS14P1	2.4516917470311608	1.7071486673384648	0.021249403881259215	0.8946342163478723
RALGAPB	-2.4507894008996534	-0.12643316169337165	0.021292474590478092	0.8946342163478723
LOC100130691	2.4507433792722275	0.388722432693127	0.021294673445330283	0.8946342163478723
SPATA5	2.450132903101834	0.24718824600654318	0.02132386102241954	0.8946342163478723
LINC01058	2.45012949794374	0.4843900163062856	0.021324023930318896	0.8946342163478723
COP1	-2.4472088994026473	-0.14714378030195743	0.021464172780935178	0.8946342163478723
PSMD2	-2.447124222245582	-0.19164360476026623	0.021468248756447848	0.8946342163478723
MELTF-AS1	2.4469627843198123	0.4139366180497612	0.021476021623769513	0.8946342163478723
RPL7AP35	-2.446877879743423	-0.4622177820325395	0.02148011062526455	0.8946342163478723
NOP9	-2.446872235301402	-0.18067857289750683	0.02148038248681939	0.8946342163478723
LOC101929626	-2.4457587143041963	-0.2853669826865131	0.02153407666185882	0.8946342163478723
GRSF1	-2.4445545428776234	-0.1557419312742806	0.02159228112081807	0.8946342163478723
CT45A1	-2.4428079640037086	-0.4285068733329755	0.021676960721747962	0.8946342163478723
LINC01203	2.441479761184751	0.2661126246607637	0.021741560722582178	0.8946342163478723
PRMT6	-2.441404125817193	-0.24156433893739035	0.021745244740370706	0.8946342163478723
RIPK1	-2.4408748733034504	-0.17232486008924908	0.021771039450006784	0.8946342163478723
